suburbname,postcode
TANGLEWOOD,2488.0
KINCUMBER,2251.0
PHEGANS BAY,2256.0
BOX HEAD,2257.0
KILLCARE HEIGHTS,2257.0
COASTERS RETREAT,2108.0
EAST KILLARA,2071.0
CANADA BAY,2046.0
MEADOWBANK,2114.0
THE ROCKS,2000.0
DACEYVILLE,2032.0
BURWOOD HEIGHTS,2136.0
COOGEE,2034.0
PHILLIP BAY,2036.0
BEACONSFIELD,2015.0
SURRY HILLS,2010.0
ILLAWONG,2234.0
EMERTON,2770.0
TREGEAR,2770.0
GIRRAWEEN,2145.0
ALISON,2259.0
NEW BRIGHTON,2483.0
CEDAR CREEK,2484.0
DOORALONG,2259.0
LEMON TREE,2259.0
HIGHER MACDONALD,2775.0
COOKS HILL,2300.0
MAYFIELD EAST,2304.0
BAYVIEW,2104.0
CROMER,2099.0
BOLTON POINT,2283.0
WOODRISING,2284.0
HAMILTON NORTH,2292.0
ELRINGTON,2325.0
CLIFTON,2515.0
MOUNT LINDSEY,2575.0
BANGHEET,2404.0
NOWLEY,2386.0
PALLAL,2404.0
KAPUTAR,2390.0
WONGO CREEK,2346.0
BORAH CREEK,2346.0
WILLURAH,2710.0
JAGUMBA,2642.0
TOOMA,2642.0
BRAEMAR BAY,2628.0
DRY PLAIN,2630.0
NIMMO,2628.0
JUNEE REEFS,2666.0
BANGADANG,2729.0
GRAHAMSTOWN,2729.0
MOUNT WARRIGAL,2528.0
MOGOOD,2538.0
DURRAN DURRA,2622.0
BUNYAN,2630.0
BILLILINGRA,2630.0
BUMBALONG,2626.0
FORBES CREEK,2621.0
DOYALSON NORTH,2262.0
HALEKULANI,2262.0
KIKOIRA,2669.0
MONIA GAP,2675.0
OOMA,2871.0
JEREMY,2795.0
FULLERTON,2583.0
LOST RIVER,2583.0
NARRABURRA,2666.0
TUBBUL,2594.0
TAMBAROORA,2850.0
MOUNT AQUILA,2820.0
PERTHVILLE,2795.0
UPPER TURON,2795.0
PALING YARDS,2580.0
TWENTY FORESTS,2795.0
ARKSTONE,2795.0
JAUNTER,2787.0
DABEE,2849.0
PINNACLE SWAMP,2849.0
KELGOOLA,2849.0
NULLO MOUNTAIN,2849.0
UPPER GROWEE,2849.0
SUNSHINE,2264.0
MARYS MOUNT,2380.0
MEROTHERIE,2852.0
COOKS GAP,2850.0
STONY CREEK,2850.0
GINGHI,2849.0
MURRUMBO,2849.0
UPPER BYLONG,2849.0
BENDEMEER,2355.0
WINGEN,2337.0
TIMOR,2338.0
PAGES CREEK,2337.0
TOMALLA,2337.0
MERNOT,2422.0
BRETTI,2422.0
CALLAGHANS CREEK,2422.0
BULLIAC,2422.0
FORBES RIVER,2446.0
KILLABAKH,2429.0
MOORAL CREEK,2429.0
BOORGANNA,2429.0
CROWDY HEAD,2427.0
LAURIETON,2443.0
CORANGULA,2440.0
EAST KEMPSEY,2440.0
OLD STATION,2440.0
MILLBANK,2440.0
JEOGLA,2350.0
THUMB CREEK,2447.0
FORDS BRIDGE,2840.0
WILCANNIA,2836.0
CABBAGE TREE ISLAND,2477.0
GOAT ISLAND,2477.0
WHIAN WHIAN,2480.0
DORROUGHBY,2480.0
EAST LISMORE,2480.0
LOFTVILLE,2480.0
DOUBTFUL CREEK,2470.0
ETTRICK,2474.0
THERESA CREEK,2469.0
AFTERLEE,2474.0
TOONUMBAR,2474.0
BOOMI CREEK,2476.0
ROSEBERRY CREEK,2474.0
PADDYS FLAT,2469.0
WYLIE CREEK,2372.0
WOODY HEAD,2466.0
WOOLOWEYAH,2464.0
GIBBERAGEE,2469.0
DILKOON,2460.0
CALLIOPE,2462.0
BARCOONGERE,2460.0
CARRS ISLAND,2460.0
WONGWIBINDA,2350.0
BROOKLANA,2450.0
GLOUCESTER TOPS,2422.0
SEAL ROCKS,2423.0
LAKE HIAWATHA,2462.0
CLARENCE,2790.0
OAKEY PARK,2790.0
DUCKMALOI,2787.0
COMOBELLA,2820.0
BURNT YARDS,2792.0
CAMBOON,2849.0
GILLENBAH,2700.0
FINLEY,2713.0
MAIRJIMMY,2716.0
RAND,2642.0
REDLANDS,2646.0
PLEASANT HILLS,2658.0
BURRANDANA,2650.0
MAXWELL,2650.0
WESTWOOD,2729.0
RANNOCK,2701.0
QUIDONG,2632.0
BOCO,2631.0
GREENLANDS,2631.0
REEDY SWAMP,2550.0
BERRAMBOOL,2548.0
NELSON,2550.0
WALLAGA LAKE,2546.0
MYSTERY BAY,2546.0
DALMENY,2546.0
MORUYA,2537.0
BROULEE,2537.0
LARBERT,2622.0
GUNNING,2581.0
IRVINGTON,2470.0
BINGEEBEEBRA CREEK,2469.0
LOWER BOTTLE CREEK,2469.0
SIMPKINS CREEK,2469.0
PAGANS FLAT,2469.0
BORA RIDGE,2471.0
BINGLEBURRA,2311.0
MOUNT RIVERS,2311.0
LITTLE TOPAR,2880.0
SANDY CREEK,2835.0
NOONA,2835.0
NIEMUR,2733.0
CANBELEGO,2835.0
PANGEE,2825.0
BOORGA,2652.0
ERIGOLIA,2669.0
CHAELUNDI,2460.0
GLEN NEVIS,2365.0
STONEHENGE,2370.0
BALD NOB,2370.0
KINGSGATE,2370.0
CLIFDEN,2460.0
HEIFER STATION,2460.0
UPPER FINE FLOWER,2460.0
DEEP CREEK,2460.0
PIKAPENE,2469.0
STEEPLE FLAT,2631.0
WARRAGOON,2710.0
BELFRAYDEN,2650.0
EAST WAGGA WAGGA,2650.0
HILLGROVE,2650.0
BILLEROY,2829.0
MACQUARIE MARSHES,2831.0
BEEMUNNEL,2824.0
MURRAWOMBIE,2825.0
PINE CLUMP,2824.0
BALDRY,2867.0
DAROOBALGIE,2870.0
GARRA,2866.0
NORTH YEOVAL,2868.0
EURIMBLA,2867.0
WILLALA,2382.0
OLD MILL,2369.0
WALLANGRA,2360.0
YELLOW DAM,2371.0
BASSENDEAN,2365.0
ABINGTON,2350.0
INVERGOWRIE,2350.0
ABERFOYLE,2350.0
CASTLE DOYLE,2350.0
ENMORE,2350.0
DUNCANS CREEK,2340.0
WARRAH,2339.0
CATTLE CREEK,2339.0
MURRURUNDI,2338.0
BOWMANS CREEK,2330.0
LOSTOCK,2311.0
SINGLETON HEIGHTS,2330.0
FERN GULLY,2330.0
ST CLAIR,2330.0
WARILLA,2528.0
FARMBOROUGH HEIGHTS,2526.0
HAZELGROVE,2787.0
DUMBUDGERY,2460.0
DEUA RIVER VALLEY,2537.0
MOORONG,2650.0
PERRYS CROSSING,2775.0
RUNNYFORD,2536.0
BARRAGGA BAY,2546.0
UPPER TAYLORS ARM,2447.0
CHEERO POINT,2083.0
MYRTLEVILLE,2580.0
AVOCA BEACH,2251.0
DAVISTOWN,2251.0
KINCUMBER SOUTH,2251.0
NORTH AVOCA,2260.0
WAGSTAFFE,2257.0
COGRA BAY,2083.0
FOREST GLEN,2157.0
MOUNT COLAH,2079.0
SOUTH TURRAMURRA,2074.0
EAST RYDE,2113.0
EASTLAKES,2018.0
ENFIELD,2136.0
QUEENS PARK,2022.0
BANKSIA,2216.0
BONNET BAY,2226.0
COALCLIFF,2508.0
DHARRUK,2770.0
WHALAN,2770.0
LOADSTONE,2474.0
LITTLE JILLIBY,2259.0
MELLONG,2756.0
HOWES VALLEY,2330.0
BILGOLA PLATEAU,2107.0
BALGOWLAH HEIGHTS,2093.0
GRETA MAIN,2325.0
MILBRODALE,2330.0
PINDIMAR,2324.0
DALWOOD,2335.0
BROOKFIELD,2420.0
SCARBOROUGH,2515.0
COLO VALE,2575.0
YANDERRA,2574.0
BOONAL,2409.0
ELCOMBE,2404.0
ROCKY CREEK,2390.0
YARRIE LAKE,2388.0
KEEPIT,2340.0
LINDESAY,2347.0
CORRONG,2711.0
COOLANGUBRA,2550.0
ROSEMEATH,2632.0
GEEHI,2642.0
JAGUNGAL WILDERNESS,2642.0
BUCKENDERRA,2630.0
EUCUMBENE,2628.0
OLD ADAMINABY,2629.0
MANNUS,2653.0
NURENMERENMONG,2649.0
GUNDAGAI,2722.0
TALLOWAL,2540.0
BULEE,2622.0
MURRENGENBURG,2622.0
JEMBAICUMBENE,2622.0
YANKEES CREEK,2550.0
GLEN FERGUS,2630.0
CHAKOLA,2630.0
BREDBO,2626.0
ROSSI,2621.0
PINNACLE,2810.0
GLENELG,2810.0
JUDDS CREEK,2795.0
ULLAMALLA,2850.0
MOOKERAWA,2820.0
FITZGERALDS VALLEY,2795.0
MEROO,2850.0
BOCOBLE,2850.0
WINBURNDALE,2795.0
WEST BATHURST,2795.0
ROCKLEY MOUNT,2795.0
MOUNT DAVID,2795.0
PORTERS RETREAT,2787.0
PEJAR,2583.0
JERRONG,2580.0
OLINDA,2849.0
YARRAWONGA,2850.0
BARIGAN,2850.0
TOTNES VALLEY,2850.0
PYANGLE,2849.0
KERRABEE,2328.0
GARTHOWEN,2345.0
LIMBRI,2352.0
GOONOO GOONOO,2340.0
BRAWBOY,2337.0
HANGING ROCK,2340.0
COOPLACURRIPA,2424.0
KHATAMBUHL,2429.0
CONEAC,2422.0
CUNDLE FLAT,2424.0
MOGRANI,2422.0
KUNDIBAKH,2429.0
KNORRIT FOREST,2424.0
MINIMBAH,2312.0
STRATHCEDAR,2429.0
KIPPAXS,2429.0
KIPPARA,2441.0
DIAMOND HEAD,2443.0
YIPPIN CREEK,2446.0
NORTH BROTHER,2443.0
AUSTRAL EDEN,2440.0
COMARA,2440.0
WOLLOMOMBI,2350.0
BURRAPINE,2447.0
GUMBALIE,2840.0
GUNDERBOOKA,2840.0
KERRIGUNDI,2835.0
TUCKURIMBA,2480.0
BOORABEE PARK,2480.0
BUNGABBEE,2480.0
BACKMEDE,2470.0
TULLERA,2480.0
GIRARDS HILL,2480.0
LINDENDALE,2480.0
NORTH LISMORE,2480.0
WOOLNERS ARM,2470.0
BRUMBY PLAINS,2476.0
CULLENDORE,2372.0
LOWER DUCK CREEK,2469.0
TULLYMORGAN,2463.0
GURRANANG,2460.0
LAVADIA,2462.0
WELLS CROSSING,2460.0
KUNGALA,2460.0
WILD CATTLE CREEK,2453.0
MARENGO,2453.0
FERNBROOK,2453.0
INVERGORDON,2422.0
MAYERS FLAT,2423.0
WOOTTON,2423.0
VIOLET HILL,2423.0
COBAR PARK,2790.0
COLLINGWOOD,2850.0
LAKE BURRENDONG,2820.0
SPRING TERRACE,2798.0
HOME RULE,2850.0
MONIVAE,2850.0
LEETON,2705.0
MERUNGLE HILL,2705.0
NARRANDERA,2700.0
LALALTY,3644.0
RENNIE,2646.0
PULLETOP,2650.0
DARLOW,2729.0
BECTRIC,2665.0
WESTDALE,2653.0
TOMBONG,2633.0
CAMBALONG,2632.0
MOUNT COOPER,2631.0
MOUNT DARRAGH,2632.0
BLACK RANGE,2550.0
WIRRIMAH,2803.0
NAROOMA,2546.0
BERGALIA,2537.0
POTATO POINT,2545.0
CONGO,2537.0
DENHAMS BEACH,2536.0
NERRIGUNDAH,2545.0
BUDDONG,2720.0
PALERANG,2622.0
MARLOWE,2622.0
LEYCESTER,2480.0
NORTH CASINO,2470.0
BOTTLE CREEK,2469.0
TUNGLEBUNG,2469.0
ALLYNBROOK,2311.0
FISHERS HILL,2421.0
MILPARINKA,2880.0
SILVERTON,2880.0
WHITE CLIFFS,2836.0
BULLA,2835.0
COREE,2710.0
MIAMLEY,2873.0
BOREE CREEK,2652.0
BULGARY,2650.0
MOUNT MITCHELL,2365.0
DIEHARD,2370.0
SHANNON VALE,2370.0
REDDESTONE,2370.0
BARRETTS CREEK,2460.0
ROCKY RIVER,2372.0
BARYULGIL,2460.0
CAMIRA,2469.0
COONGBAR,2469.0
MALABUGILMAH,2460.0
CURLEW WATERS,2672.0
FARGUNYAH,2656.0
BROOKDALE,2656.0
TENANDRA,2824.0
MOUNT FOSTER,2824.0
FOUR MILE CREEK,2800.0
AMAROO,2866.0
BIDDON,2827.0
GRAGIN,2403.0
BACK CREEK,2390.0
MAYVALE,2347.0
RED HILL,2347.0
CAMERONS CREEK,2359.0
ROCKY RIVER,2358.0
SALISBURY PLAINS,2358.0
TUBBAMURRA,2365.0
WARDS MISTAKE,2350.0
OGUNBIL,2340.0
COLLY BLUE,2343.0
WARRAH CREEK,2339.0
BAERAMI CREEK,2333.0
WYLIES FLAT,2330.0
IRONMUNGY,2630.0
PINE LODGE,2714.0
WATERVIEW,2460.0
MOOKIMA WYBRA,2469.0
OSWALD,2321.0
RIVERSIDE,2444.0
NARRAWA,2583.0
KENNAICLE CREEK,2449.0
MORANS CROSSING,2550.0
HYLAND PARK,2448.0
CHICHESTER,2420.0
SHALLOW BAY,2428.0
THE ANGLE,2620.0
HUNTLEYS COVE,2111.0
WINDERA,2800.0
NEW PARK,2474.0
ROCKY CREEK,2371.0
FOREST LAND,2372.0
HORSFIELD BAY,2256.0
MOONEY MOONEY CREEK,2250.0
DAVIDSON,2085.0
BERALA,2141.0
FORESTVILLE,2087.0
CASTLE COVE,2069.0
NORTH WILLOUGHBY,2068.0
BOTANY,2019.0
PORT BOTANY,2036.0
OATLEY,2223.0
KINGSFORD,2032.0
LONG POINT,2564.0
SOUTH LITTLETON,2790.0
WOMERAH,2756.0
TEN MILE HOLLOW,2250.0
PALMDALE,2258.0
WARDROP VALLEY,2484.0
HORSESHOE CREEK,2474.0
KUNGHUR CREEK,2484.0
DURREN DURREN,2259.0
FERNANCES,2775.0
NARRABEEN,2101.0
CURL CURL,2096.0
KEARSLEY,2325.0
BUNDABAH,2324.0
PHOENIX PARK,2321.0
FORDWICH,2330.0
CORDEAUX,2526.0
MOUNT SAINT THOMAS,2500.0
SPRING HILL,2500.0
GINEROI,2404.0
GHOOLENDAADI,2380.0
BANOON,2347.0
OXLEY,2711.0
GLENROY,2640.0
KHANCOBAN,2642.0
ADAMINABY,2629.0
FRYING PAN,2630.0
THE BROTHERS,2630.0
COURAGAGO,2720.0
TOLWONG,2622.0
QUIERA,2622.0
MONGA,2622.0
MAJORS CREEK,2622.0
TARRAGANDA,2550.0
DIGNAMS CREEK,2546.0
KYBEYAN,2631.0
MYALLA,2630.0
MIDDLE FLAT,2630.0
BOLARO,2629.0
COLINTON,2626.0
ROSE VALLEY,2630.0
CAPTAINS FLAT,2623.0
GREENLEIGH,2620.0
FREEMANS,2259.0
MANNERING PARK,2259.0
WEETHALLE,2669.0
NORTH YALGOGRIN,2671.0
NYRANG CREEK,2804.0
LIMERICK,2583.0
FITZGERALDS MOUNT,2799.0
FOSTERS VALLEY,2795.0
CULLENBONE,2850.0
CARCALGONG,2850.0
WIAGDON,2795.0
MITCHELL,2795.0
ROBIN HILL,2795.0
GILMANDYKE,2795.0
GOLSPIE,2580.0
ROSLYN,2580.0
SHOOTERS HILL,2787.0
BROGANS CREEK,2848.0
MOUNT MARSDEN,2849.0
BOGEE,2849.0
COXS CREEK,2849.0
BREAKFAST CREEK,2849.0
LITTLE PELICAN,2281.0
PELICAN,2281.0
SWANSEA HEADS,2281.0
YANNERGEE,2343.0
BIRRIWA,2844.0
BARNEYS REEF,2852.0
UARBRY,2329.0
CUMBANDRY,2852.0
BYLONG,2849.0
BUDDEN,2849.0
ATTUNGA,2345.0
ROSSGOLE,2336.0
GREEN CREEK,2338.0
DEWITT,2422.0
CRAVEN PLATEAU,2422.0
CAFFREYS FLAT,2424.0
WHERROL FLAT,2429.0
DOYLES RIVER,2446.0
MARLEE,2429.0
UPPER LANSDOWNE,2430.0
UPPER PAPPINBARRA,2446.0
WITTITRIN,2440.0
CAMDEN HEAD,2443.0
NORTH HAVEN,2443.0
NORTH SHORE,2444.0
SEVEN OAKS,2440.0
TOOROOKA,2440.0
WILLAWARRIN,2440.0
LOWER CREEK,2440.0
MODANVILLE,2480.0
LISMORE,2480.0
GHINNI GHI,2474.0
PEACOCK CREEK,2469.0
ROSEBERRY,2474.0
GREVILLIA,2474.0
TERRACE CREEK,2474.0
THE GLEN,2476.0
BACK CREEK,2372.0
YURAYGIR,2464.0
BANYABBA,2460.0
BOOKRAM,2460.0
MINNIE WATER,2462.0
WOOLI,2462.0
RED ROCK,2456.0
CHAMBIGNE,2460.0
MOONPAR,2453.0
BERRICO,2422.0
UPPER KARUAH RIVER,2415.0
MUNGO BRUSH,2423.0
YAGON,2423.0
GREEN POINT,2428.0
CORNEY TOWN,2790.0
MCKELLARS PARK,2790.0
WIDDEN,2328.0
KOOBA,2680.0
COWABBIE,2652.0
RINGWOOD,2646.0
URANGELINE,2656.0
KYEAMBA,2650.0
GELSTON PARK,2650.0
METHUL,2701.0
MIMOSA,2666.0
STONY CREEK,2550.0
CENTRAL TILBA,2546.0
COILA,2537.0
TURLINJAH,2537.0
KIORA,2537.0
TINPOT,2546.0
WYANBENE,2622.0
NARRANGULLEN,2582.0
TUMUT PLAINS,2720.0
ELLANGOWAN,2470.0
SHANNON BROOK,2470.0
LOUISA CREEK,2469.0
PACKSADDLE,2880.0
CUBBA,2835.0
DILPURRA,2734.0
WAUGORAH,2711.0
MORAGO,2710.0
HARTWOOD,2710.0
THE MARRA,2831.0
NYMAGEE,2831.0
BUDDABADAH,2825.0
THE GULF,2365.0
WANDSWORTH,2365.0
JACKADGERY,2460.0
YARROWFORD,2370.0
PUNCHBOWL,2460.0
STOCKYARD CREEK,2460.0
CANGAI,2460.0
MOOGEM,2370.0
COALDALE,2460.0
MORVEN,2370.0
EIGHTEEN MILE,2460.0
KEYBARBIN,2469.0
CLEARFIELD,2469.0
BIDGEEMIA,2642.0
FRENCH PARK,2655.0
COLLINGULLIE,2650.0
PIGEONBAH,2824.0
FAIRHOLME,2871.0
ARTHURVILLE,2820.0
WALMER,2820.0
YETMAN,2410.0
SWANBROOK,2360.0
BERRIGAL,2390.0
WIMBORNE,2346.0
THE BASIN,2365.0
ARDING,2358.0
WALCHA ROAD,2354.0
BROCKLEY,2365.0
MIHI,2358.0
WOOLOMIN,2340.0
BORAMBIL,2343.0
BRAEFIELD,2339.0
MIRANNIE,2330.0
HOLLYDEEN,2328.0
OBANVALE,2330.0
DURAL,2330.0
LAKE ILLAWARRA,2528.0
KIANGA,2546.0
STANWELL PARK,2508.0
NUMBLA VALE,2628.0
PAGES RIVER,2338.0
ALICE,2469.0
BILLYS CREEK,2453.0
TARA,2665.0
STANHOPE GARDENS,2768.0
CREMORNE POINT,2090.0
GREENGROVE,2250.0
MAGOMETON,2829.0
MULLAWAY,2456.0
ARRAWARRA HEADLAND,2456.0
MOGILLA,2550.0
STROUD HILL,2420.0
ABERDARE,2325.0
KENTUCKY SOUTH,2354.0
TANNAS MOUNT,2795.0
COPACABANA,2251.0
EMPIRE BAY,2257.0
GOSFORD,2250.0
KARIONG,2250.0
WEST GOSFORD,2250.0
KILLCARE,2257.0
PEARL BEACH,2256.0
MOUNT KURING-GAI,2080.0
EAST LINDFIELD,2070.0
RIVERVIEW,2066.0
BALMAIN EAST,2041.0
DENISTONE EAST,2112.0
BOTANY BAY,
ROSEBERY,2018.0
LA PEROUSE,2036.0
SOUTH COOGEE,2034.0
DARLINGTON,2008.0
REDFERN,2016.0
ZETLAND,2017.0
TAREN POINT,2229.0
YARRAWARRAH,2233.0
OTFORD,2508.0
BONDI BEACH,2026.0
DARKES FOREST,2508.0
STANWELL TOPS,2508.0
BELIMBLA PARK,2570.0
MOUNTAIN LAGOON,2758.0
LAWSON,2783.0
NATTAI,2570.0
LITTLETON,2790.0
SHEEDYS GULLY,2790.0
VALE OF CLWYDD,2790.0
WRIGHTS CREEK,2775.0
UPPER MANGROVE,2250.0
MOGO CREEK,2775.0
BAR BEACH,2300.0
THE HILL,2300.0
WARABROOK,2304.0
METFORD,2323.0
NEATH,2326.0
TEA GARDENS,2324.0
BALICKERA,2324.0
MOUNT THORLEY,2330.0
MOUNT PLEASANT,2519.0
CONISTON,2500.0
KANAHOOKA,2530.0
CUTTABRI,2388.0
WEAN,2382.0
HAMILTON VALLEY,2641.0
ANGLERS REACH,2629.0
BRUNGLE,2722.0
TUMORRAMA,2720.0
ETTREMA,2540.0
TOUGA,2622.0
REIDSDALE,2622.0
DEPOT BEACH,2536.0
CARLAMINDA,2630.0
PINE VALLEY,2630.0
BINJURA,2630.0
POLO FLAT,2630.0
BUDGEWOI PENINSULA,2262.0
MELBERGEN,2669.0
WEST WYALONG,2671.0
MULYANDRY,2871.0
WYALONG,2671.0
CURRAGH,2795.0
ALLEENA,2671.0
WATTON,2795.0
GREEN GULLY,2850.0
MILLAH MURRAH,2795.0
MOUNT PANORAMA,2795.0
WINDRADYNE,2795.0
BALLYROE,2795.0
TARALGA,2580.0
GURNANG,2787.0
PALMERS OAKY,2795.0
DUNGEREE,2849.0
DUNVILLE LOOP,2849.0
COXS CROWN,2849.0
GROWEE,2849.0
MARKS POINT,2280.0
PEBBLY BEACH,2536.0
PREMER,2381.0
BUNGABA,2852.0
COGGAN,2849.0
LEE CREEK,2849.0
BAERAMI,2333.0
DRY CREEK,2337.0
WAVERLY,2337.0
SCOTTS CREEK,2338.0
BARRY,2340.0
SANDY CREEK,2338.0
GLENROCK,2337.0
CARRABOLLA,2311.0
GIRO,2422.0
MARES RUN,2422.0
BAXTERS RIDGE,2422.0
BINDERA,2422.0
KIA ORA,2422.0
CAPARRA,2429.0
BOBIN,2429.0
DEBENHAM,2446.0
YARROWITCH,2354.0
BIRDWOOD,2446.0
PAPPINBARRA,2446.0
BANDA BANDA,2446.0
MANNING POINT,2430.0
MIDDLE BROTHER,2443.0
HYNDMANS CREEK,2446.0
DEAUVILLE,2443.0
CARRAI,2440.0
HICKEYS CREEK,2440.0
YANTABULLA,2840.0
WALLAMORE,2340.0
REPENTANCE CREEK,2480.0
EDENVILLE,2474.0
SMITHS CREEK,2474.0
BEAN CREEK,2469.0
TOOLOOM,2475.0
SHERWOOD,2474.0
OLD GREVILLIA,2474.0
UNUMGAR,2474.0
BROOMS HEAD,2463.0
WHIPORIE,2469.0
DIRTY CREEK,2456.0
ARRAWARRA,2456.0
RAMORNIE,2460.0
SHANNONDALE,2460.0
CLOUDS CREEK,2453.0
BRINERVILLE,2454.0
MACKSVILLE,2447.0
MYLESTOM,2454.0
SALISBURY,2420.0
BLUEYS BEACH,2428.0
DIGGERS CAMP,2462.0
MORTS ESTATE,2790.0
MAYFIELD,2787.0
PANUARA,2800.0
CANADIAN LEAD,2850.0
WHITTON,2705.0
CUDGEL,2700.0
LOGIE BRAE,2713.0
LOWESDALE,2646.0
MUNYABLA,2658.0
URANGELINE EAST,2656.0
SHARPS CREEK,2729.0
MURRULEBALE,2652.0
SEBASTOPOL,2666.0
MERRIANGAAH,2632.0
ROCKY HALL,2550.0
TANTAWANGALO,2550.0
DOCTOR GEORGE MOUNTAIN,2550.0
MOGAREEKA,2550.0
CORUNNA,2546.0
MERRICUMBENE,2622.0
WANDELLA,2550.0
WAYO,2580.0
BOMBAY,2622.0
WEE JASPER,2582.0
QUEANBEYAN,2620.0
GREENRIDGE,2471.0
JACKSONS FLAT,2469.0
DEEP CREEK,2469.0
UNDERBANK,2420.0
WALLARINGA,2420.0
FLAT TOPS,2420.0
TIBOOBURRA,2880.0
MUTAWINTJI,2880.0
KULWIN,2835.0
MALLAN,2734.0
DHURAGOON,2733.0
MOONBRIA,2710.0
LINDIFFERON,2710.0
BABINDA,2825.0
LAKE BREWSTER,2675.0
NEWTON BOYD,2370.0
MAYBOLE,2365.0
GLEN INNES,2370.0
GIBRALTAR RANGE,2370.0
GLEN ELGIN,2370.0
CAPOOMPETA,2371.0
MOUNT MARSH,2469.0
LIONSVILLE,2460.0
KIPPENDUFF,2469.0
SIX MILE SWAMP,2469.0
BLACK CREEK,2729.0
ASHMONT,2650.0
CARTWRIGHTS HILL,2650.0
SAN ISIDORE,2650.0
TOLLAND,2650.0
OSBORNE,2656.0
OXLEY,2824.0
RAVENSWOOD,2824.0
MULLA,2825.0
CANONBA,2825.0
CUNDUMBUL,2866.0
ATHOLWOOD,2361.0
HOWELL,2360.0
PINDAROI,2361.0
UPPER HORTON,2347.0
IRONBARK,2347.0
THIRLDENE,2347.0
RETREAT,2355.0
BRIARBROOK,2365.0
UPPER BINGARA,2404.0
BALD BLAIR,2365.0
YARRAMAN,2343.0
WILLOW TREE,2339.0
BIG JACKS CREEK,2339.0
MOUNT ROYAL,2330.0
COMBO,2330.0
HAMBLEDON HILL,2330.0
HOWICK,2330.0
CORDEAUX HEIGHTS,2526.0
PAUPONG,2628.0
GUERILLA BAY,2536.0
NORTH NAROOMA,2546.0
RANGARI,2380.0
UPPER CORINDI,2456.0
DOCTORS GAP,2790.0
BERLANG,2622.0
THE PINNACLES,2460.0
WOODCROFT,2767.0
SANDBAR,2428.0
MOUNT ELLIOT,2250.0
WINDY,2343.0
PALM GROVE,2258.0
CADGEE,2545.0
PRIMROSE VALLEY,2621.0
KAMERUKA,2550.0
CAMBRIDGE PLATEAU,2469.0
TOPI TOPI,2423.0
CHATSBURY,2580.0
NUNGATTA SOUTH,2551.0
WATSONS CREEK,2355.0
BROBENAH,2705.0
WANDERA,2360.0
BOSTOBRICK,2453.0
CASCADE,2453.0
MILROY,2380.0
CRESTWOOD,2620.0
BRIERFIELD,2454.0
BULYEROI,2387.0
NOWENDOC,2354.0
DUNBOGAN,2443.0
BOCOBRA,2865.0
BUMBERRY,2870.0
COTTONVALE,4375.0
BOOKOOKOORARA,2372.0
STONEQUARRY,2580.0
RICHLANDS,2580.0
BOURNEWOOD,2868.0
ELIZABETH HILLS,2171.0
RYLSTONE,2849.0
SOUTH WENTWORTHVILLE,2145.0
TOMKI,2470.0
WEST BUNGAWALBIN,2471.0
STANBOROUGH,2360.0
WHEELER HEIGHTS,2097.0
WHALE BEACH,2107.0
MCCARRS CREEK,2105.0
BILGOLA BEACH,2107.0
BARWANG,2594.0
LILLI PILLI,2229.0
WOG WOG,2550.0
PORTLAND,2847.0
DARK CORNER,2795.0
CARINDA,2831.0
GUNGALMAN,2829.0
PADDYS FLAT,2632.0
YOWRIE,2550.0
BELOWRA,2545.0
WADBILLIGA,2546.0
MILVALE,2594.0
WOODHOUSELEE,2580.0
CRAWNEY,2338.0
RUNNING STREAM,2850.0
MOORWATHA,2640.0
KAINS FLAT,2850.0
MOWBRAY PARK,2571.0
BLACK HOLLOW,2828.0
JIMENBUEN,2628.0
PEAKHURST HEIGHTS,2210.0
TANTANGARA,2629.0
FOREST GROVE,2795.0
CAPERTEE,2846.0
ARGALONG,2720.0
NEW VALLEY,2365.0
MORTDALE,2223.0
MINDARIBBA,2320.0
MAFFRA,2630.0
GAREMA,2871.0
BATHAMPTON,2795.0
PARKVILLE,2337.0
GOOBARRAGANDRA,2720.0
JONES BRIDGE,2720.0
MUNNI,2420.0
TENTERDEN,2365.0
LENAGHAN,2322.0
TOCAL,2421.0
BUNGARBY,2630.0
CATHCART,2632.0
BLOWERING,2720.0
BIMBERI,2611.0
PIORA,2470.0
BANDON GROVE,2420.0
WOMBAT CREEK,2460.0
BOREE,2800.0
COOLEMAN,2611.0
MILSONS POINT,2061.0
TOONGABBIE,2146.0
YAOUK,2629.0
ROUND SWAMP,2846.0
ROUCHEL BROOK,2336.0
HUMULA,2652.0
BRINDABELLA,2611.0
WERMATONG,2720.0
SMITHS CREEK,2460.0
CHILCOTTS CREEK,2339.0
LIDDELL,2333.0
LAVENDER BAY,2060.0
BIGGA,2583.0
WIRRINYA,2871.0
CHARLTON,2795.0
SMEATON GRANGE,2567.0
WEBBERS CREEK,2421.0
KEMBLA HEIGHTS,2526.0
BUNNAN,2337.0
OWENS GAP,2337.0
MATHESON,2370.0
BULLA CREEK,2594.0
SANDIGO,2700.0
GALORE,2650.0
LORD HOWE ISLAND,2898.0
HARDEN,2587.0
WANGI WANGI,2267.0
MYUNA BAY,2264.0
EUABALONG WEST,2877.0
BULLABURRA,2784.0
SPRING PLAINS,2388.0
MYLNEFORD,2460.0
THE WHITEMAN,2460.0
MAYFIELD,2580.0
WRATHALL,2642.0
BARRINGTON TOPS,2422.0
HARPERS HILL,2321.0
BUCKENBOWRA,2536.0
PALING YARDS,2795.0
MARYLAND,4377.0
RUSHCUTTERS BAY,2011.0
DARLINGHURST,2010.0
EAGLETON,2324.0
KAPOOKA,2661.0
YATTALUNGA,2251.0
TAHLEE,2324.0
BALD RIDGE,2795.0
GLENGARRIE,2486.0
TOMEWIN,2484.0
GRATTAI,2850.0
LALOR PARK,2147.0
CURRAWEELA,2580.0
YALBRAITH,2580.0
ENGLORIE PARK,2560.0
MANGROVE CREEK,2250.0
BOGONG PEAKS WILDERNESS,2720.0
TALBINGO,2720.0
KINGSTOWN,2358.0
TORRYBURN,2358.0
MOGENDOURA,2537.0
ADELONG,2729.0
SANDY GULLY,2729.0
POINT CLARE,2250.0
KOOKABOOKRA,2370.0
JINGERA,2622.0
GALA VALE,2716.0
ARCADIA VALE,2283.0
TURRAWAN,2390.0
BAAN BAA,2390.0
BROKEN HILL,2880.0
YARRAGUNDRY,2650.0
FERNANCES CROSSING,2325.0
KINGS HILL,2324.0
CARWELL,2849.0
ALPINE,2575.0
BUSBYS FLAT,2469.0
EURONGILLY,2663.0
CLONTARF,2093.0
CADIA,2800.0
BOONA MOUNT,2877.0
PEMULWUY,2145.0
CEDAR PARTY,2429.0
YARRATT FOREST,2429.0
WINDELLAMA,2580.0
WINGHAM,2429.0
MARCH,2800.0
LEN WATERS ESTATE,2171.0
WAPENGO,2550.0
MURRINGO,2586.0
PARADISE,2360.0
SWAN VALE,2370.0
KINGS PLAINS,2360.0
SPRING MOUNTAIN,2360.0
NEWSTEAD,2360.0
BERMAGUI,2546.0
CUTTAGEE,2546.0
RODD POINT,2046.0
KANOONA,2550.0
MOORARA,2648.0
WARRAZAMBIL CREEK,2474.0
ENNGONIA,2840.0
NULLAMANNA,2360.0
BURRAWANG,2577.0
SKILLION FLAT,2440.0
GREENHILL,2440.0
TURNERS FLAT,2440.0
TIGHES HILL,2297.0
UPPER DUCK CREEK,2469.0
CAPEEN CREEK,2469.0
PINE GROVE,2829.0
LANKEYS CREEK,2644.0
YARARA,2644.0
HAWKESBURY HEIGHTS,2777.0
THUDDUNGRA,2594.0
BIELSDOWN HILLS,2453.0
DORRIGO MOUNTAIN,2453.0
SOUTH GUNDAGAI,2722.0
MINJARY,2720.0
NEWCASTLE EAST,2300.0
STOCKTON,2295.0
CARGO,2800.0
BIG SPRINGS,2650.0
BOOK BOOK,2650.0
CLEAR RANGE,2620.0
GLENWOOD,2768.0
CARWOOLA,2620.0
VALLA BEACH,2448.0
ACACIA GARDENS,2763.0
MCMAHONS REEF,2587.0
CUNNINGAR,2587.0
PEELWOOD,2583.0
TUENA,2583.0
BOOMI,2405.0
OPHIR,2800.0
DONNELLYVILLE,2447.0
DARLINGTON,2330.0
DUNOLLY,2330.0
NORTH WAHROONGA,2076.0
BERYL,2852.0
GULGONG,2852.0
GUNTAWANG,2852.0
WATTLE FLAT,2795.0
SOFALA,2795.0
HUNTLEY,2800.0
SOUTH BATHURST,2795.0
MOUNT KEMBLA,2526.0
WARRABAH,2346.0
KNIGHTS HILL,2577.0
FROGMORE,2586.0
MEERSCHAUM VALE,2477.0
DOG ROCKS,2795.0
ROCKLEY,2795.0
BATHURST,2795.0
KALANG,2454.0
MOUNT ADRAH,2729.0
GRONG GRONG,2652.0
MARTINDALE,2328.0
BROKE,2330.0
BOHNOCK,2430.0
CABBAGE TREE ISLAND,2430.0
FARNHAM,2820.0
GWABEGAR,2356.0
MOUNTAIN TOP,2480.0
BAKERS CREEK,2447.0
GREENHILLS BEACH,2230.0
CLANDULLA,2848.0
WEST HAVEN,2443.0
WERRIKIMBE,2446.0
TIMBARRA,2372.0
SANDY HILL,2372.0
BOSSLEY PARK,2176.0
BARRACK HEIGHTS,2528.0
BARRACK POINT,2528.0
MACDONALDS CREEK,2339.0
NEBEA,2829.0
KINGS PARK,2148.0
GUMBLE,2865.0
GEARYS FLAT,2441.0
DEVILS HOLE,2550.0
BOBS CREEK,2439.0
MYRTLE MOUNTAIN,2550.0
CABARITA BEACH,2488.0
COOMBA PARK,2428.0
MEBUL,2852.0
SAPPHIRE,2360.0
WINIFRED,2631.0
NIMMITABEL,2631.0
MORUYA HEADS,2537.0
YOUNG,2594.0
BURRANGONG,2594.0
TERREEL,2422.0
KITCHENER,2325.0
STOCKRINGTON,2322.0
CARRINGTON,2294.0
BALALA,2358.0
FERNVALE,2484.0
YARROWYCK,2358.0
TUGRABAKH,2422.0
GANGAT,2422.0
YULLUNDRY,2867.0
SANDY FLAT,2372.0
TIPPERARY,2429.0
RAVENSWORTH,2330.0
WAVERTON,2060.0
HEBERSHAM,2770.0
BLACKETT,2770.0
TWELVE MILE CREEK,2324.0
GREENLANDS,2330.0
HEBDEN,2330.0
SWAN CREEK,2462.0
WATTAMONDARA,2794.0
GOSFORTH,2320.0
GILGOOMA,2829.0
TUROSS,2630.0
HAWKS NEST,2324.0
DAWES POINT,2000.0
MILLERS POINT,2000.0
NORTH EPPING,2121.0
SPRINGFIELD,2630.0
MAROUBRA,2035.0
PAYTENS BRIDGE,2871.0
EUGOWRA,2806.0
KINGS LANGLEY,2147.0
SNOWBALL,2622.0
WIRRABA,2849.0
WOLLEMI,2330.0
GODFREYS CREEK,2586.0
MADDENS PLAINS,2508.0
ROSEBERG,2793.0
BALLDALE,2646.0
GOOMBARGANA,2646.0
BEMBOKA,2550.0
HASSALL GROVE,2761.0
BOLWARRA,2320.0
LEEVILLE,2470.0
HELENSBURGH,2508.0
GRAMAN,2360.0
SEELANDS,2460.0
MOUNTAIN VIEW,2460.0
CROWTHER ISLAND,2460.0
WARRAGAI CREEK,2460.0
KYARRAN,2460.0
CLARENZA,2460.0
LETHBRIDGE PARK,2770.0
COOLATAI,2402.0
BIDWILL,2770.0
MINCHINBURY,2770.0
BLAIRMOUNT,2559.0
TARRIARO,2390.0
MALONEYS BEACH,2536.0
MOUNT DEE,2320.0
GUNGAL,2333.0
GIANTS CREEK,2328.0
GOOLOOGONG,2805.0
MARSHDALE,2420.0
MOOBI,2337.0
COOLUMBOOKA,2632.0
BULLDOG,2469.0
EWINGAR,2469.0
GORGE CREEK,2469.0
SEXTONVILLE,2470.0
GOOLMA,2852.0
OLD BAR,2430.0
DUVAL,2350.0
KINGSLAND,2370.0
BLACKALLS PARK,2283.0
LAKE MUNMORAH,2259.0
EDITH,2787.0
TENNYSON,2754.0
ROUS,2477.0
DALWOOD,2477.0
JUGIONG,2726.0
COONEYS CREEK,2726.0
CALGA,2250.0
LITTLE BACK CREEK,2474.0
FAWCETTS PLAIN,2474.0
HALFWAY CREEK,2460.0
TOMBOYE,2622.0
ORTON PARK,2795.0
TWIN RIVERS,2410.0
BLACK HEAD,2430.0
CAMP CREEK,4385.0
BOOLCARROLL,2388.0
FARRINGDON,2622.0
ELANORA HEIGHTS,2101.0
STUART TOWN,2820.0
TEXAS,4385.0
URUNGA,2455.0
FISHING POINT,2283.0
WHEEO,2583.0
CODRINGTON,2471.0
TATHAM,2471.0
CASSILIS,2329.0
CAMBRA,2420.0
DEAN PARK,2761.0
DOONSIDE,2767.0
MULGRAVE,2756.0
COFFEE CAMP,2480.0
MOUNT LEWIS,2190.0
MUNGO,2715.0
PAN BAN,2648.0
ULONG,2450.0
ARDGLEN,2338.0
BUNDAGEN,2454.0
MAITLAND VALE,2320.0
RED HILL,2824.0
PUTTA BUCCA,2850.0
BILLYWILLINGA,2795.0
BLACK SPRINGS,2787.0
ESSINGTON,2787.0
BINDA,2583.0
CROOKED CORNER,2583.0
DONALD CREEK,2350.0
TILBUSTER,2350.0
THE BIGHT,2429.0
BOOTAWA,2430.0
PULGANBAR,2460.0
HILLSDALE,2036.0
EASTGARDENS,2036.0
BOAMBOLO,2582.0
GLEN ALPINE,2560.0
ABERCROMBIE,2795.0
HENLEY,2111.0
LINLEY POINT,2066.0
WYAN,2469.0
MYRTLE CREEK,2469.0
RAPPVILLE,2469.0
HAROLDS CROSS,2622.0
KINDERVALE,2622.0
BUNDELLA,2343.0
COOMOO COOMOO,2343.0
NIGHTCAP,2480.0
MULLENGUDGERY,2825.0
LUGARNO,2210.0
SUMMERLAND POINT,2259.0
GWANDALAN,2259.0
GRAWIN OPAL FIELDS,2832.0
LONG BEACH,2536.0
SPRING FARM,2570.0
FINE FLOWER,2460.0
CARNHAM,2460.0
EUROBODALLA,2545.0
REPTON,2454.0
MOGRIGUY,2830.0
ALFORDS POINT,2234.0
LLOYD,2650.0
ANEMBO,2621.0
ARTARMON,2064.0
MIRADOR,2548.0
WILLIAMSDALE,2620.0
SNOWY PLAIN,2628.0
BURRUNGUBUGGE,2627.0
CREEL BAY,2627.0
TWO MILE FLAT,2852.0
BREELONG,2827.0
GILGANDRA,2827.0
REGENTS PARK,2143.0
BROWNSVILLE,2530.0
TALLIMBA,2669.0
VOYAGER POINT,2172.0
BULGA,2330.0
TOLBAR,2629.0
WILSONS VALLEY,2624.0
NUNGAR,2629.0
THREDBO,2625.0
PERISHER VALLEY,2624.0
SMIGGIN HOLES,2624.0
GUTHEGA,2624.0
BLUE COW,2624.0
MUNYANG,2624.0
ROTO,2675.0
LARGS,2320.0
BOLWARRA HEIGHTS,2320.0
MENAI,2234.0
MIDDLE COVE,2068.0
WILLOUGHBY EAST,2068.0
HURLSTONE PARK,2193.0
PLEASURE POINT,2172.0
SANDY POINT,2172.0
RAWORTH,2321.0
KEINBAH,2320.0
BISHOPS BRIDGE,2326.0
PINE CAMP,2648.0
ASHBURY,2193.0
BANKSMEADOW,2019.0
PAGEWOOD,2035.0
CUMNOCK,2867.0
KILLIEKRANKIE,2449.0
GIRRALONG,2449.0
ELLERSTON,2337.0
OMADALE,2337.0
ARNDELL PARK,2148.0
KOTARA SOUTH,2289.0
RUGBY,2583.0
TANJA,2550.0
PATONGA,2256.0
UMINA BEACH,2257.0
COBARK,2422.0
BROUGHAMS GATE,2880.0
FOWLERS GAP,2880.0
MOUNT DRUITT,2770.0
GAROO,2340.0
DARBYS FALLS,2793.0
FORRESTERS BEACH,2260.0
DALEYS POINT,2257.0
SARATOGA,2251.0
BLACKWALL,2256.0
ST HUBERTS ISLAND,2257.0
TULLIBIGEAL,2669.0
MERRIGAL,2827.0
HILLDALE,2420.0
METZ,2350.0
MYALL LAKE,2423.0
SPRINGFIELD,2250.0
HOWARDS GRASS,2480.0
LISMORE HEIGHTS,2480.0
CROWDY BAY,2443.0
WARIALDA RAIL,2402.0
NORTH GOSFORD,2250.0
WYOMING,2250.0
WARIALDA,2402.0
CENTRAL MANGROVE,2250.0
EAST HILLS,2213.0
ROUCHEL,2336.0
GOOD HOPE,2582.0
UPPER MYALL,2423.0
WARRANULLA,2423.0
NARADHAN,2669.0
WOODBINE,2560.0
MARSHALL MOUNT,2530.0
WEE WAA,2388.0
TUNCURRY,2428.0
CROYDON PARK,2133.0
BLACKSMITHS,2281.0
BELMONT SOUTH,2280.0
CURLEWIS,2381.0
BOW BOWING,2566.0
WOODPARK,2164.0
LEADVILLE,2844.0
WAITUI,2443.0
FORSTER,2428.0
HERMIDALE,2831.0
GIRILAMBONE,2831.0
VALERY,2454.0
RUSSELL VALE,2517.0
ROSEMEADOW,2560.0
ST HELENS PARK,2560.0
AMBARVALE,2560.0
WARROO,2871.0
KINGFISHER SHORES,2259.0
MOUNT COLLINS,2794.0
BOWMAN,2422.0
BOWMAN FARM,2422.0
CURROWAN,2536.0
NELLIGEN,2536.0
HAMMONDVILLE,2170.0
CARRS PENINSULA,2460.0
WINDSOR DOWNS,2756.0
EATONSVILLE,2460.0
PROVIDENCE PORTAL,2629.0
FAILFORD,2430.0
CABRAMATTA WEST,2166.0
CASINO,2470.0
POTTS POINT,2011.0
YORKLEA,2470.0
MELINGA,2430.0
BURRELL CREEK,2429.0
HILLVILLE,2430.0
LINDFIELD,2070.0
ROSEVILLE,2069.0
SOUTH PAMBULA,2549.0
VILLAWOOD,2163.0
LEUMEAH,2560.0
CARRAMAR,2163.0
OLD GUILDFORD,2161.0
TELARAH,2320.0
BIALA,2581.0
GRABBEN GULLEN,2583.0
EUMUNGERIE,2822.0
BOOTI BOOTI,2428.0
TIONA,2428.0
BOXERS CREEK,2580.0
LANSVALE,2166.0
NORTH TURRAMURRA,2074.0
ST IVES CHASE,2075.0
CORINELLA,2871.0
BELMORE,2192.0
CANLEY HEIGHTS,2166.0
LISAROW,2250.0
BRONTE,2024.0
MCGRATHS HILL,2756.0
MALLOWA,2400.0
BOOLAMBAYTE,2423.0
ROOKWOOD,2141.0
FAULCONBRIDGE,2776.0
SUN VALLEY,2777.0
GOONOO FOREST,2830.0
CAMBERWELL,2330.0
QUIALIGO,2580.0
BUREEN,2328.0
GUNNINGRAH,2632.0
PALARANG,2632.0
VALLEY HEIGHTS,2777.0
HOLTS FLAT,2631.0
GLEN ALLEN,2631.0
BAKERS CREEK,2359.0
DOYLES CREEK,2330.0
APPLETREE FLAT,2330.0
BURRIER,2540.0
POONCARIE,2648.0
WOLLI CREEK,2205.0
SPICKETTS CREEK,2454.0
BLAXLAND,2774.0
WARRIMOO,2774.0
COW FLAT,2795.0
GEORGES PLAINS,2795.0
SUFFOLK PARK,2481.0
BROKEN HEAD,2481.0
BERRY JERRY,2701.0
HASSANS WALLS,2790.0
CHARLOTTE PASS,2624.0
NGARIGO,2627.0
JINCUMBILLY,2631.0
BLACK CREEK,2439.0
MANDEMAR,2575.0
DEEP CREEK,2440.0
TEMAGOG,2440.0
MUNGAY CREEK,2440.0
CURRA CREEK,2820.0
SUNTOP,2820.0
BALD HILLS,2549.0
BALDERSLEIGH,2365.0
STRATHEDEN,2470.0
EDROM,2551.0
HARPARARY,2390.0
PARKLEA,2768.0
VALLA,2448.0
ST JOHNS PARK,2176.0
MORISSET,2264.0
CHULLORA,2190.0
PINBEYAN,2720.0
YARRANGOBILLY,2720.0
LIBERTY GROVE,2138.0
TAMINDA,2340.0
WEEDALLION,2594.0
CORINDI BEACH,2456.0
FAULKLAND,2422.0
MAYS HILL,2145.0
TOORAWEENAH,2817.0
BUCKENDOON,2472.0
WARREN,2824.0
OXLEY VALE,2340.0
WESTDALE,2340.0
YARROW,2620.0
CANTON BEACH,2263.0
UPPER DARTBROOK,2336.0
DAIRY FLAT,2474.0
LINDESAY CREEK,2476.0
MUMBIL,2820.0
BAKERS SWAMP,2820.0
GRADYS CREEK,2474.0
FINDON CREEK,2474.0
SAWPIT CREEK,2474.0
COUGAL,2474.0
BORDER RANGES,2474.0
ROSELANDS,2196.0
YANCO,2703.0
PARA,2648.0
WARRI,2622.0
KINGSVALE,2587.0
MACQUARIE PARK,2113.0
LOGANS CROSSING,2439.0
FALCONER,2365.0
KENDALL,2439.0
HALLS CREEK,2346.0
KINDEE,2446.0
YARRAS,2446.0
ELLENBOROUGH,2446.0
MOUNT SEAVIEW,2446.0
BELROSE,2085.0
HOMEBUSH WEST,2140.0
OAKDALE,2570.0
KIACATOO,2877.0
BOAT HARBOUR,2316.0
NEW MEXICO,2346.0
UPPER MANILLA,2346.0
COOMBELL,2470.0
MONGOGARIE,2470.0
FRAZER PARK,2259.0
NORDS WHARF,2281.0
CATHERINE HILL BAY,2281.0
MOONEE,2259.0
WYBUNG,2259.0
LEMINGTON,2330.0
LUCAS HEIGHTS,2234.0
BARDEN RIDGE,2234.0
WOODSREEF,2347.0
NAMOI RIVER,2346.0
MURRUMBURRAH,2587.0
ERSKINE PARK,2759.0
WALLABADAH,2343.0
PINE RIDGE,2343.0
HONEYBUGLE,2825.0
FLINDERS,2529.0
FISHERMANS BAY,2316.0
RAMSGATE,2217.0
LAMBS VALLEY,2335.0
BRUNKERVILLE,2323.0
WARRAH RIDGE,2343.0
GOORANGOOLA,2330.0
CARROWBROOK,2330.0
REGENTVILLE,2745.0
WARRELL CREEK,2447.0
WALLANTHERY,2675.0
NORTH ALBURY,2640.0
ALLAWAH,2218.0
MOLLYAN,2842.0
WATAGAN,2325.0
HAMPDEN HALL,2440.0
TRUNGLEY HALL,2666.0
POLA CREEK,2440.0
MOUNT AUSTIN,2650.0
KOORINGAL,2650.0
ARCADIA,2159.0
EVELEIGH,2015.0
LAKEMBA,2195.0
WILEY PARK,2195.0
HOLROYD,2142.0
CALLAGHAN,2308.0
PIMLICO ISLAND,2478.0
JEWS LAGOON,2397.0
KILLONGBUTTA,2795.0
GOWAN,2795.0
YARRAWONGA PARK,2264.0
CUDMIRRAH,2540.0
BOUDDI,2251.0
BERRARA,2540.0
MAULES CREEK,2382.0
PRETTY BEACH,2539.0
TURONDALE,2795.0
TULLARWALLA,2540.0
WALLABI POINT,2430.0
KIOLOA,2539.0
EDDERTON,2333.0
RHODES,2138.0
POSSUM BRUSH,2430.0
MILA,2632.0
LORDS HILL,2632.0
QUIRINDI,2343.0
QUIPOLLY,2343.0
SWANHAVEN,2540.0
BAWLEY POINT,2539.0
DOBIES BIGHT,2470.0
CHARLEYS FOREST,2622.0
BUDAWANG,2622.0
WOG WOG,2622.0
MONALTRIE,2480.0
SANDON,2463.0
THE SANDON,2463.0
SUSSEX INLET,2540.0
DAIRY ARM,2325.0
KUNDABUNG,2441.0
MARLO MERRICAN,2441.0
PHEASANTS NEST,2574.0
MOPARRABAH,2440.0
DUNDURRABIN,2453.0
TYRINGHAM,2453.0
ROSEDALE,2536.0
TONGARRA,2527.0
NYORA,2646.0
BERRIGAN,2712.0
KEW,2439.0
LAKEWOOD,2443.0
FREEMANS WATERHOLE,2323.0
RYHOPE,2283.0
PRETTY PINE,2710.0
PATCHS BEACH,2478.0
EMPIRE VALE,2478.0
WATTLE RIDGE,2575.0
AWABA,2283.0
PENROSE,2579.0
MARTINSVILLE,2265.0
COORANBONG,2265.0
WAMBAN,2537.0
BODALLA,2545.0
PADDYS RIVER,2577.0
LAGOON GRASS,2480.0
LILYDALE,2460.0
WINEGROVE,2460.0
NEWBOLD,2460.0
TOMAKIN,2537.0
TUMUT,2720.0
URIARRA,2611.0
YERRINBOOL,2575.0
BARGO,2574.0
BARRATTA,2710.0
BUNDOOK,2422.0
TIRI,2424.0
PALMVALE,2484.0
TERIDGERIE,2829.0
URAWILKIE,2829.0
LAUREL HILL,2649.0
STEWARTS MOUNT,2795.0
LLANARTH,2795.0
LAKESLAND,2572.0
COURIDJAH,2571.0
MURRAH,2546.0
SHARK CREEK,2463.0
AARONS PASS,2850.0
ILFORD,2850.0
COCKWHY,2539.0
DARBALARA,2722.0
ST GEORGE,2622.0
FAR MEADOW,2535.0
EDENSOR PARK,2176.0
GREENFIELD PARK,2176.0
BUANGLA,2540.0
YALWAL,2540.0
WEETALIBA,2395.0
COOLAH,2843.0
GUNDAMULDA,2347.0
ORANGE GROVE,2380.0
KELVIN,2380.0
GILGUNNIA,2877.0
BARRINGUN,2840.0
BROOMAN,2538.0
LAKE HAVEN,2263.0
AUSTRAL,2179.0
CATARACT,2560.0
LECONFIELD,2335.0
CHURCH POINT,2105.0
CUNNINYEUK,2734.0
NOORONG,2732.0
WEDDERBURN,2560.0
MAIMURU,2594.0
GINGKIN,2787.0
CHATHAM VALLEY,2787.0
ROUND MOUNTAIN,2484.0
BELFORD,2335.0
CARDIFF HEIGHTS,2285.0
THE SLOPES,2754.0
WILLMOT,2770.0
ROPES CROSSING,2760.0
MOUNT RIVERVIEW,2774.0
DURRAS NORTH,2536.0
SOUTH DURRAS,2536.0
KURRAJONG HEIGHTS,2758.0
PELTON,2325.0
EAST BRANXTON,2335.0
GREEN CAPE,2551.0
BENDOURA,2622.0
GABLES,2765.0
BOBADAH,2877.0
EREMERANG,2877.0
CONIMBIA,2829.0
HUNTINGWOOD,2148.0
BEWONG,2540.0
WANDANDIAN,2540.0
BASIN VIEW,2540.0
KANDOS,2848.0
CHARBON,2848.0
ALLANDALE,2320.0
NORTH PARRAMATTA,2151.0
BOTOBOLAR,2850.0
HAYES GAP,2850.0
SPRINGDALE,2666.0
GROGAN,2666.0
WIRRAGULLA,2420.0
WALLAROBBA,2420.0
PARMA,2540.0
ASHTONFIELD,2323.0
KOTARA,2289.0
NELSON,2765.0
NEWNES,2790.0
WOODSIDE,2372.0
WRIGHTS BEACH,2540.0
LOWER DYRAABA,2470.0
WOODVIEW,2470.0
EUBERTA,2650.0
CRUDINE,2795.0
TWELVE MILE PEG,2540.0
PORT MACQUARIE,2444.0
BIMBIMBIE,2536.0
LARNOOK,2480.0
GEORGICA,2480.0
HAMPTON,2790.0
ST ALBANS,2775.0
DANGARSLEIGH,2350.0
UPPER MACDONALD,2775.0
KELLYS PLAINS,2350.0
SAUMAREZ,2350.0
SCOTIA,2648.0
ANABRANCH NORTH,2648.0
BEECROFT PENINSULA,2540.0
NUBBA,2587.0
CURRARONG,2540.0
BEGGAN BEGGAN,2587.0
THE JUNCTION,2291.0
CARRINGTON,2324.0
NERICON,2680.0
EGLINTON,2795.0
NORTH ST MARYS,2760.0
TUNCESTER,2480.0
SOUTH LISMORE,2480.0
MANDALONG,2264.0
WERRINGTON,2747.0
NORTH ARM COVE,2324.0
MANGOOLA,2328.0
DENMAN,2328.0
CALLALA BEACH,2540.0
GIRVAN,2425.0
QUEANBEYAN EAST,2620.0
THE RIDGEWAY,2620.0
KINGHORNE,2540.0
SOUTH GOLDEN BEACH,2483.0
TERRY HIE HIE,2400.0
TIMBUMBURI,2340.0
THE BRANCH,2425.0
WELBY,2575.0
TURRELLA,2205.0
YAVEN CREEK,2729.0
MOUNT VERNON,2178.0
BATLOW,2730.0
KUNAMA,2730.0
CALDERWOOD,2527.0
WESTLEIGH,2120.0
NIRIMBA FIELDS,2763.0
LARRAS LEE,2866.0
MARCHMONT,2582.0
EENAWEENA,2824.0
SCHOFIELDS,2762.0
HAMILTON,2303.0
HAMILTON EAST,2303.0
HILL TOP,2575.0
LADYSMITH,2652.0
ALFREDTOWN,2650.0
TERRABELLA,2818.0
BENOLONG,2818.0
BURRA,2653.0
PADDYS RIVER,2653.0
MARAGLE,2653.0
FERN BAY,2295.0
CREMORNE,2090.0
VITTORIA,2799.0
JAMISONTOWN,2750.0
STANMORE,2048.0
NARRAN LAKE,2839.0
OXFORD FALLS,2100.0
ISLINGTON,2296.0
MARYVILLE,2293.0
NUMBUGGA,2550.0
QUEANBEYAN WEST,2620.0
WELLINGTON VALE,2371.0
BOYDTOWN,2551.0
WATERLOO,2017.0
SHADFORTH,2800.0
COOMA,2630.0
DAIRYMANS PLAINS,2630.0
JERANGLE,2630.0
MYOLA,2540.0
SOMERTON,2340.0
COPE,2852.0
HEATHCOTE,2233.0
BELLIMBOPINNI,2440.0
COLLAROY,2097.0
STUBBO,2852.0
COLLAROY PLATEAU,2097.0
DOLLS POINT,2219.0
SANDRINGHAM,2219.0
WERAI,2577.0
MANCHESTER SQUARE,2577.0
BANNISTER,2580.0
PAXTON,2325.0
WADEVILLE,2474.0
KILLINGWORTH,2278.0
MOUNT OLIVE,2787.0
THE MEADOWS,2787.0
AKOLELE,2546.0
TILBA TILBA,2546.0
TARRAWANNA,2518.0
MANILDRA,2865.0
BERRINGER LAKE,2539.0
CUNJURONG POINT,2539.0
BENDALONG,2539.0
MANYANA,2539.0
MONDAYONG,2540.0
CAMPVALE,2318.0
FRENCHS FOREST,2086.0
BLAIR ATHOL,2560.0
GERROA,2534.0
CLARE,2711.0
BIRGANBIGIL,2710.0
BLAND,2721.0
WOOMARGAMA,2644.0
MOUNTAIN CREEK,2644.0
MULLENGANDRA,2644.0
EMU HEIGHTS,2750.0
UPPER ALLYN,2311.0
ECCLESTON,2311.0
HALTON,2311.0
CELLS RIVER,2424.0
ENMORE,2042.0
SANDY CROSSING,2460.0
BREAM BEACH,2540.0
KNORRIT FLAT,2424.0
CRACKENBACK,2627.0
HUNGERFORD,2840.0
WANAARING,2840.0
BROOKVALE,2100.0
LANE COVE,2066.0
CULLERIN,2581.0
LERIDA,2581.0
COPPERHANNIA,2795.0
NORTH CURL CURL,2099.0
DEE WHY,2099.0
SODWALLS,2790.0
PINNY BEACH,2281.0
LOCKSLEY,2795.0
BLAXLANDS CREEK,2460.0
NYMBOIDA,2460.0
KARUAH,2324.0
KOGARAH,2217.0
WOMBAT,2587.0
MATONG,2652.0
HAMLYN TERRACE,2259.0
TERREY HILLS,2084.0
DUFFYS FOREST,2084.0
TANILBA BAY,2319.0
TRENTHAM CLIFFS,2738.0
THE HATCH,2444.0
HARTYS PLAINS,2446.0
BAGO,2446.0
HUNTINGDON,2446.0
ROSEWOOD,2446.0
MOSSY POINT,2537.0
MORISSET PARK,2264.0
BONNELLS BAY,2264.0
CORLETTE,2315.0
BEECHWOOD,2446.0
FARRANTS HILL,2484.0
NUNDERI,2484.0
VERONA,2550.0
SANCTUARY POINT,2540.0
ST GEORGES BASIN,2540.0
MOONEBA,2440.0
MANLY VALE,2093.0
POINT WOLSTONCROFT,2259.0
MULLALEY,2379.0
TAMBAR SPRINGS,2381.0
SEAHAMPTON,2286.0
GREEN HILLS,2730.0
WILLIGOBUNG,2653.0
PEEL,2795.0
DANDRY,2357.0
ROCKY GLEN,2357.0
COONABARABRAN,2357.0
MANGERTON,2500.0
EAST LYNNE,2536.0
LANITZA,2460.0
TINTINHULL,2352.0
POINTER MOUNTAIN,2539.0
YADBORO,2539.0
ENDRICK,2622.0
PORTERS CREEK,2538.0
CONJOLA,2539.0
VERGES CREEK,2440.0
BELMORE RIVER,2440.0
STUD PARK,2710.0
WANDOOK,2710.0
SASSAFRAS,2622.0
COOLUMBURRA,2622.0
QUEENSCLIFF,2096.0
MERYLA,2577.0
PEAK VIEW,2630.0
BADJA,2630.0
WILLBRIGGIE,2680.0
BENEREMBAH,2680.0
GOWRIE,2340.0
DURI,2344.0
BLACKMANS POINT,2444.0
RAWDON ISLAND,2446.0
PEMBROOKE,2446.0
CLAREVILLE,2107.0
MYALL CREEK,2403.0
COPETON,2360.0
JEREMADRA,2536.0
GRANTHAM FARM,2765.0
COOPERS GULLY,2550.0
SHALVEY,2770.0
COLEBEE,2761.0
JORDAN SPRINGS,2747.0
TOONGI,2830.0
WAMBANGALANG,2830.0
NIANGALA,2354.0
BERAMBING,2758.0
WETUPPA,2734.0
NORWEST,2153.0
SOUTH PENRITH,2750.0
FINGAL BAY,2315.0
SHOAL BAY,2315.0
ONE MILE,2316.0
REVESBY HEIGHTS,2212.0
PURLEWAUGH,2357.0
WOKO,2422.0
CLIFTON GROVE,2800.0
GREEN PIGEON,2474.0
POTTS HILL,2143.0
WOONONA,2517.0
BRUNSWICK HEADS,2483.0
BULLI,2516.0
AVON,2574.0
ERSKINEVILLE,2043.0
HERONS CREEK,2439.0
PYMBLE,2073.0
